{"bart_score":{"mean":-6.287969407200813,"std":0.9621861235913808},"bs_ref_f1":{"mean":0.862395908921957,"std":0.018841415229940994},"bs_ref_precision":{"mean":0.8633863955140114,"std":0.02336643033952597},"bs_ref_recall":{"mean":0.861791827082634,"std":0.021941892351718627},"bs_src_f1":{"mean":0.8692294735908508,"std":0.022805985911472402},"bs_src_precision":{"mean":0.8888583338856697,"std":0.02861935340288629},"bs_src_recall":{"mean":0.8508534244894982,"std":0.02443862975361061},"compression":{"mean":29.85968290675338,"std":24.856211594353162},"coverage":{"mean":0.9331504983337094,"std":0.046892557404026355},"density":{"mean":9.204864999041693,"std":8.214573010833956},"fact_score":{"mean":0.8596059059358995,"std":0.11930774952408757},"num_prediction_tokens":{"mean":217.8635,"std":119.90891518865836},"rouge1":{"mean":45.4681650041518,"std":8.20196540925262},"rouge2":{"mean":16.305851110692192,"std":6.766546893785744}}