{"bart_score":{"mean":-2.917093119526473,"std":0.5399652341466974},"bs_ref_f1":{"mean":0.8381070962905371,"std":0.025518321340008084},"bs_ref_precision":{"mean":0.8640273162141274,"std":0.0252246619045535},"bs_ref_recall":{"mean":0.814686705193681,"std":0.03824994404801809},"bs_src_f1":{"mean":0.8067640862690384,"std":0.02154063552636099},"bs_src_precision":{"mean":0.8332571295369767,"std":0.022415820825403807},"bs_src_recall":{"mean":0.7823790410780765,"std":0.028488193097754157},"compression":{"mean":161.98123209563795,"std":627.08586926127},"coverage":{"mean":0.6846940982571889,"std":0.17512191091380427},"density":{"mean":3.0965494252339596,"std":7.210736733173143},"fact_score":{"mean":0.5329235991607234,"std":0.06927171772855137},"num_prediction_tokens":{"mean":118.94948952176249,"std":98.7878503805189},"rouge1":{"mean":25.1501610482081,"std":15.7924696401773},"rouge2":{"mean":9.338885495307158,"std":8.968627896165307}}