{"bart_score":{"mean":-3.758035951972008,"std":0.8340598471918625},"bs_ref_f1":{"mean":0.8626160096526146,"std":0.02143366027002998},"bs_ref_precision":{"mean":0.862756244122982,"std":0.02553491032360133},"bs_ref_recall":{"mean":0.8628374328315258,"std":0.023910202071691408},"bs_src_f1":{"mean":0.8640607929527759,"std":0.023294330458301114},"bs_src_precision":{"mean":0.8859832718670368,"std":0.029710005139581455},"bs_src_recall":{"mean":0.8439119712412357,"std":0.029181742556704197},"compression":{"mean":15.15898803231624,"std":12.961880731870043},"coverage":{"mean":0.9346681017438169,"std":0.05534265897327166},"density":{"mean":13.264874921510447,"std":10.900010002343285},"fact_score":{"mean":0.8703534413929713,"std":0.12268244876387456},"num_prediction_tokens":{"mean":230.36,"std":99.52304164317405},"rouge1":{"mean":47.9172469030474,"std":11.399160797049998},"rouge2":{"mean":20.800280010767107,"std":12.454471572069687}}